{
    "siteData": [
    {
       
        "faNo": "1002087",
        "siteName": "BOBKCOCK ROAD",
        "siteUsid": "36445",
        "facilityName":"65",
        "market": "Ohio",
        "siteStatus": "Active",
        "masterFa":"False",
        "geoLocationCode":"ZX0XIR",
        "companyCode":"2201"
    },
    {
       
        "faNo": "1002086",
        "siteName": "SABINAL",
        "siteUsid": "45199",
        "facilityName":"65",
        "market": "Ohio",
        "siteStatus": "Revision to Progress",
        "masterFa":"False",
        "geoLocationCode":"ZX0JKR",
        "companyCode":"2203"
    },
    {
       
        "faNo": "1002075",
        "siteName": "BOBKCOCK ROAD",
        "siteUsid": "41115",
        "facilityName":"65",
        "market": "Georgia",
        "siteStatus": "Active",
        "masterFa":"False",
        "geoLocationCode":"ZX0YTR",
        "companyCode":"2205"
    },
    {
       
        "faNo": "1002090",
        "siteName": "AWE-RARM ROAD",
        "siteUsid": "51455",
        "facilityName":"65",
        "market": "Georgia",
        "siteStatus": "Active",
        "masterFa":"False",
        "geoLocationCode":"ZX0URR",
        "companyCode":"2206"
    },
    {
       
        "faNo": "1002097",
        "siteName": "ELEZABETH TOWN",
        "siteUsid": "98745",
        "facilityName":"65",
        "market": "Mary Land",
        "siteStatus": "Active",
        "masterFa":"False",
        "geoLocationCode":"ZK0KKR",
        "companyCode":"2209"
    },
    {
       
        "faNo": "1002045",
        "siteName": "BOBKCOCK ROAD",
        "siteUsid": "41245",
        "facilityName":"65",
        "market": "Ohio",
        "siteStatus": "Active",
        "masterFa":"False",
        "geoLocationCode":"ZX0DER",
        "companyCode":"2211"
    },
    {
       
        "faNo": "1002036",
        "siteName": "BOBKCOCK ROAD",
        "siteUsid": "45421",
        "facilityName":"65",
        "market": "Ohio",
        "siteStatus": "Active",
        "masterFa":"False",
        "geoLocationCode":"ZX0TYR",
        "companyCode":"2203"
    },
    {
       
        "faNo": "1002056",
        "siteName": "BOBKCOCK ROAD",
        "siteUsid": "52369",
        "facilityName":"65",
        "market": "Mary Land",
        "siteStatus": "Active",
        "masterFa":"False",
        "geoLocationCode":"ZX0JKR",
        "companyCode":"2204"
    },
    {
       
        "faNo": "123456",
        "siteName": "ELEZABETH TOWN",
        "siteUsid": "66578",
        "facilityName":"65",
        "market": "Ohio",
        "siteStatus": "Pending Approval",
        "masterFa":"False",
        "geoLocationCode":"ZX0WPR",
        "companyCode":"2208"
    },
    {
       
        "faNo": "123456",
        "siteName": "BOBKCOCK ROAD",
        "siteUsid": "20875",
        "facilityName":"65",
        "market": "Ohio",
        "siteStatus": "Active",
        "masterFa":"False",
        "geoLocationCode":"ZX0PLR",
        "companyCode":"2221"
    },
    {
       
        "faNo": "123456",
        "siteName": "BOBKCOCK ROAD",
        "siteUsid": "22252",
        "facilityName":"65",
        "market": "Georgia",
        "siteStatus": "Active",
        "masterFa":"False",
        "geoLocationCode":"ZX0HHR",
        "companyCode":"2231"
    }
    
]
}