[
  {
    "name": "Lease-Basic Info",
    "sections": [
      {
        "value": "General",
        "key": "general"
      },
      {
        "value": "Management Company",
        "key": "managementCompany"
      },
      {
        "value": "Critical Dates",
        "key": "criticalDates"
      },
      {
        "value": "Lessor Assignmennt",
        "key": "lessorAssignment"
      },
      
      {
        "value": "Lessee Assignment",
        "key": "lesseeAssignment"
      }
    ]
  },
  {
    "name": "Lease-More Info",
    "sections": [
      {
        "value": "More Details",
        "key": "moreDetails"
      },
      {
        "value": "MLA",
        "key": "mla"
      },
      {
        "value": "Notes",
        "key": "notes"
      }
    ]
  },
  {
    "name": "Contacts",
    "sections": [
      {
        "value": "Contact Administrator",
        "key": "contactAdministrator"
      },
      {
        "value": "Asset Lessee and Asset Lessor Details",
        "key": "assetLesseeLessorDetails"
      },
      {
        "value": "Contacts Lookup",
        "key": "contactsLookup"
      }
    ]
  },
  {
    "name": "Payment-Basic info",
    "sections": []
  },
  {
    "name": "Payment-More info",
    "sections": []
  },
  {
    "name": "Audit Information",
    "sections": [
      {
        "value": "Lease Audit",
        "key": "leaseAudit"
      },
      {
        "value": "Revision History",
        "key": "revisionHistory"
      },
      {
        "value": "Amendment History",
        "key": "amendmentHistory"
      },
      {
        "value": "FA Change Audit",
        "key": "faChangeAudit"
      },
      {
        "value": "MLA Association Audit",
        "key": "mlaAssociationAudit"
      },
      {
        "value": "MLA Apply Template Audit",
        "key": "mlaApplyTemplateAudit"
      },
      {
        "value": "Unretire Audit",
        "key": "unretireAudit"
      },
      {
        "value": "Termination Audit",
        "key": "terminationAudit"
      }
    ]
  }
]